{
    "blue": {
        "hub": {
            "x": 4.674902,
            "y": 4.123531
        },
        "passingZoneHP": {
            "x": 2.134902,
            "y": 1.583531
        },
        "passingZoneDepot": {
            "x": 2.134902,
            "y": 6.663531
        }
    },
    "red": {
        "hub": {
            "x": 11.964702,
            "y": 4.123531
        },
        "passingZoneDepot": {
            "x": 14.504702,
            "y": 1.583531
        },
        "passingZoneHP": {
            "x": 14.504702,
            "y": 6.663531
        }
    }
}