{
    "blue": {
        "hub": {
            "x": 4.674902,
            "y": 4.123531
        },
        "passingZoneHigh": {
            "x": 2.134902,
            "y": 6.663531
        },
        "passingZoneLow": {
            "x": 2.134902,
            "y": 1.583531
        }
    },
    "red": {
        "hub": {
            "x": 11.964702,
            "y": 4.123531
        },
        "passingZoneLow": {
            "x": 14.504702,
            "y": 1.583531
        },
        "passingZoneHigh": {
            "x": 14.504702,
            "y": 6.663531
        }
    },
    "zones": {
        "blue": {
            "xMin": 0,
            "yMin": 0,
            "xMax": 4.078002,
            "yMax": 8.06958
        },
        "red": {
            "xMin": 12.561602,
            "yMin": 0,
            "xMax": 16.54048,
            "yMax": 8.06958
        },
        "neutralLow": {
            "xMin": 5.271082,
            "yMin": 0,
            "xMax": 11.367802,
            "yMax": 4.123530
        },
        "neutralHigh": {
            "xMin": 5.271082,
            "yMin": 4.123531,
            "xMax": 11.367802,
            "yMax": 8.06958
        }
    }
}