{
    "blue": {
        "hub": {
            "x": 4.6238,
            "y": 4.040981,
            "z": 1.439863
        },
        "passingZoneHigh": {
            "x": 2.0838,
            "y": 6.580981
        },
        "passingZoneLow": {
            "x": 2.0838,
            "y": 1.500981
        }
    },
    "red": {
        "hub": {
            "x": 11.9126,
            "y": 4.040981,
            "z": 1.439863
        },
        "passingZoneLow": {
            "x": 14.4526,
            "y": 1.500981
        },
        "passingZoneHigh": {
            "x": 14.4526,
            "y": 6.580981
        }
    },
    "zones": {
        "blue": {
            "xMin": 0,
            "yMin": 0,
            "xMax": 4.0269,
            "yMax": 7.98703
        },
        "red": {
            "xMin": 12.5105,
            "yMin": 0,
            "xMax": 16.4894,
            "yMax": 7.98703
        },
        "neutralLow": {
            "xMin": 0,
            "yMin": 0,
            "xMax": 16.535400,
            "yMax": 4.040981
        },
        "neutralHigh": {
            "xMin": 0,
            "yMin": 4.040981,
            "xMax": 16.535400,
            "yMax": 7.98703
        }
    }
}